,Best_Model,RMSE,MAE,Models
0,93.91628113323877,10.426,8.566,1
1,88.76907664585387,19.959,16.388,2
