,MAE,RMSE,MFE,NMSE,Accuracy,Models
0,8.566,10.426,152.174,0.267,93.91628113323877,1
1,16.388,19.959,149.944,0.977,88.76907664585387,2
